"Name","Platform","Compiles","CompilesDouble","Uses","UsesDouble","PermutationString"
"","0","1","46","0","0",""
"/Engine/EngineMaterials/Widget3DPassThrough.Widget3DPassThrough","16","9","0","9","9","Compiling Widget3DPassThrough: Platform=SF_METAL_SM5, Usage=LightingModel=MSM_Unlit, BlendMode=BLEND_Translucent, SpecialEngine=0, TwoSided=1, TSNormal=1, Masked=0, Distorted=0, WritesEveryPixel=1, ModifiesMeshPosition=0, Usage={}"
"/Engine/EngineMaterials/Widget3DPassThrough.Widget3DPassThrough","16","7","0","7","14","Compiling Widget3DPassThrough: Platform=SF_METAL_SM5, Usage=LightingModel=MSM_Unlit, BlendMode=BLEND_Translucent, SpecialEngine=0, TwoSided=0, TSNormal=1, Masked=0, Distorted=0, WritesEveryPixel=1, ModifiesMeshPosition=0, Usage={}"
"/Engine/EngineMaterials/Widget3DPassThrough.Widget3DPassThrough","16","7","0","8","8","Compiling Widget3DPassThrough: Platform=SF_METAL_SM5, Usage=LightingModel=MSM_Unlit, BlendMode=BLEND_Opaque, SpecialEngine=0, TwoSided=1, TSNormal=1, Masked=0, Distorted=0, WritesEveryPixel=1, ModifiesMeshPosition=0, Usage={}"
"/Engine/EngineMaterials/Widget3DPassThrough.Widget3DPassThrough","16","2","0","2","2","Compiling Widget3DPassThrough: Platform=SF_METAL_SM5, Usage=LightingModel=MSM_Unlit, BlendMode=BLEND_Opaque, SpecialEngine=0, TwoSided=0, TSNormal=1, Masked=0, Distorted=0, WritesEveryPixel=1, ModifiesMeshPosition=0, Usage={}"
"/Engine/EngineMaterials/Widget3DPassThrough.Widget3DPassThrough","16","21","0","23","23","Compiling Widget3DPassThrough: Platform=SF_METAL_SM5, Usage=LightingModel=MSM_Unlit, BlendMode=BLEND_Masked, SpecialEngine=0, TwoSided=1, TSNormal=1, Masked=1, Distorted=0, WritesEveryPixel=0, ModifiesMeshPosition=0, Usage={}"
"/Engine/EngineMaterials/Widget3DPassThrough.Widget3DPassThrough","16","21","0","23","23","Compiling Widget3DPassThrough: Platform=SF_METAL_SM5, Usage=LightingModel=MSM_Unlit, BlendMode=BLEND_Masked, SpecialEngine=0, TwoSided=0, TSNormal=1, Masked=1, Distorted=0, WritesEveryPixel=0, ModifiesMeshPosition=0, Usage={}"
"/Paper2D/DefaultSpriteMaterial.DefaultSpriteMaterial","16","21","0","24","24","Compiling DefaultSpriteMaterial: Platform=SF_METAL_SM5, Usage=LightingModel=MSM_Unlit, BlendMode=BLEND_Opaque, SpecialEngine=0, TwoSided=1, TSNormal=1, Masked=0, Distorted=0, WritesEveryPixel=1, ModifiesMeshPosition=0, Usage={bUsedWithNiagaraSprites}"
"/Paper2D/DefaultSpriteMaterial.DefaultSpriteMaterial","16","63","0","69","69","Compiling DefaultSpriteMaterial: Platform=SF_METAL_SM5, Usage=LightingModel=MSM_Unlit, BlendMode=BLEND_Masked, SpecialEngine=0, TwoSided=1, TSNormal=1, Masked=1, Distorted=0, WritesEveryPixel=0, ModifiesMeshPosition=0, Usage={bUsedWithNiagaraSprites}"
"Globals","16","2761","0","0","0",""
"/Engine/EngineMaterials/PhAT_JointLimitMaterial.PhAT_JointLimitMaterial","16","14","0","15","24","Compiling PhAT_JointLimitMaterial: Platform=SF_METAL_SM5, Usage=LightingModel=MSM_Unlit, BlendMode=BLEND_Translucent, SpecialEngine=0, TwoSided=1, TSNormal=1, Masked=0, Distorted=0, WritesEveryPixel=1, ModifiesMeshPosition=1, Usage={}"
"/Engine/EngineMaterials/GizmoMaterial.GizmoMaterial","16","7","0","8","11","Compiling GizmoMaterial: Platform=SF_METAL_SM5, Usage=LightingModel=MSM_Unlit, BlendMode=BLEND_Opaque, SpecialEngine=0, TwoSided=1, TSNormal=1, Masked=0, Distorted=0, WritesEveryPixel=1, ModifiesMeshPosition=0, Usage={}"
"/Engine/EngineMaterials/M_InvalidLightmapSettings.M_InvalidLightmapSettings","16","24","0","5","94","Compiling M_InvalidLightmapSettings: Platform=SF_METAL_SM5, Usage=LightingModel=MSM_DefaultLit, BlendMode=BLEND_Opaque, SpecialEngine=0, TwoSided=0, TSNormal=1, Masked=0, Distorted=0, WritesEveryPixel=1, ModifiesMeshPosition=0, Usage={bUsedWithInstancedStaticMeshes}"
"/Engine/EngineMaterials/EmissiveMeshMaterial.EmissiveMeshMaterial","16","9","0","9","17","Compiling EmissiveMeshMaterial: Platform=SF_METAL_SM5, Usage=LightingModel=MSM_Unlit, BlendMode=BLEND_Additive, SpecialEngine=0, TwoSided=1, TSNormal=1, Masked=0, Distorted=0, WritesEveryPixel=1, ModifiesMeshPosition=0, Usage={}"
"/Engine/EngineDebugMaterials/DebugMeshMaterial.DebugMeshMaterial","16","9","0","9","13","Compiling DebugMeshMaterial: Platform=SF_METAL_SM5, Usage=LightingModel=MSM_Unlit, BlendMode=BLEND_Translucent, SpecialEngine=0, TwoSided=1, TSNormal=1, Masked=0, Distorted=0, WritesEveryPixel=1, ModifiesMeshPosition=0, Usage={}"
"/Engine/EngineMaterials/RemoveSurfaceMaterial.RemoveSurfaceMaterial","16","2","0","2","3","Compiling RemoveSurfaceMaterial: Platform=SF_METAL_SM5, Usage=LightingModel=MSM_Unlit, BlendMode=BLEND_Opaque, SpecialEngine=0, TwoSided=0, TSNormal=1, Masked=0, Distorted=0, WritesEveryPixel=1, ModifiesMeshPosition=0, Usage={bUsedWithStaticLighting}"
"/SpeedTreeImporter/SpeedTree9/SpeedTreeBillboardMaster.SpeedTreeBillboardMaster","16","66","0","10","476","Compiling SpeedTreeBillboardMaster: Platform=SF_METAL_SM5, Usage=LightingModel=MSM_TwoSidedFoliage, BlendMode=BLEND_Masked, SpecialEngine=0, TwoSided=0, TSNormal=1, Masked=1, Distorted=0, WritesEveryPixel=0, ModifiesMeshPosition=1, Usage={bUsedWithInstancedStaticMeshes}"
"/SpeedTreeImporter/SpeedTree9/SpeedTreeMaster.SpeedTreeMaster","16","92","0","6","1146","Compiling SpeedTreeMaster: Platform=SF_METAL_SM5, Usage=LightingModel=MSM_TwoSidedFoliage, BlendMode=BLEND_Masked, SpecialEngine=0, TwoSided=1, TSNormal=1, Masked=1, Distorted=0, WritesEveryPixel=0, ModifiesMeshPosition=1, Usage={bUsedWithStaticLighting,bUsedWithInstancedStaticMeshes}"
"/Engine/EngineDebugMaterials/M_VolumeRenderSphereTracePP.M_VolumeRenderSphereTracePP","16","4","0","4","4","Compiling M_VolumeRenderSphereTracePP: Platform=SF_METAL_SM5, Usage=LightingModel=MSM_Unlit, BlendMode=BLEND_Opaque, SpecialEngine=0, TwoSided=0, TSNormal=1, Masked=0, Distorted=0, WritesEveryPixel=1, ModifiesMeshPosition=0, Usage={}"
"/Engine/EngineDebugMaterials/WireframeMaterial.WireframeMaterial","16","653","0","2","21566","Compiling WireframeMaterial: Platform=SF_METAL_SM5, Usage=LightingModel=MSM_Unlit, BlendMode=BLEND_Opaque, SpecialEngine=1, TwoSided=0, TSNormal=1, Masked=0, Distorted=0, WritesEveryPixel=0, ModifiesMeshPosition=0, Usage={}"
"/Engine/EngineDebugMaterials/VertexColorMaterial.VertexColorMaterial","16","85","0","6","746","Compiling VertexColorMaterial: Platform=SF_METAL_SM5, Usage=LightingModel=MSM_DefaultLit, BlendMode=BLEND_Opaque, SpecialEngine=0, TwoSided=1, TSNormal=1, Masked=0, Distorted=0, WritesEveryPixel=1, ModifiesMeshPosition=0, Usage={bUsedWithSkeletalMesh,bUsedWithInstancedStaticMeshes,bUsedWithGeometryCollections,bUsedWithGeometryCache}"
"/Engine/EngineMaterials/DefaultMaterial.DefaultMaterial","16","147","0","3","2613","Compiling DefaultMaterial: Platform=SF_METAL_SM5, Usage=LightingModel=MSM_DefaultLit, BlendMode=BLEND_Opaque, SpecialEngine=0, TwoSided=0, TSNormal=1, Masked=0, Distorted=0, WritesEveryPixel=1, ModifiesMeshPosition=0, Usage={bUsedWithSkeletalMesh,bUsedWithMeshParticles,bUsedWithStaticLighting,bUsedWithSplineMeshes,bUsedWithInstancedStaticMeshes,bUsedWithNiagaraSprites,bUsedWithNiagaraRibbons,bUsedWithNiagaraMeshParticles}"
"/Engine/ArtTools/RenderToTexture/Materials/Debug/M_Emissive_Color.M_Emissive_Color","16","2","0","2","3","Compiling M_Emissive_Color: Platform=SF_METAL_SM5, Usage=LightingModel=MSM_Unlit, BlendMode=BLEND_Opaque, SpecialEngine=0, TwoSided=0, TSNormal=1, Masked=0, Distorted=0, WritesEveryPixel=1, ModifiesMeshPosition=0, Usage={bUsedWithStaticLighting}"
"/HairStrands/Materials/HairMeshesDefaultMaterial.HairMeshesDefaultMaterial","16","34","0","7","184","Compiling HairMeshesDefaultMaterial: Platform=SF_METAL_SM5, Usage=LightingModel=MSM_DefaultLit|Unknown, BlendMode=BLEND_Opaque, SpecialEngine=0, TwoSided=1, TSNormal=1, Masked=0, Distorted=0, WritesEveryPixel=1, ModifiesMeshPosition=0, Usage={bUsedWithHairStrands}"
"/HairStrands/Materials/HairCardsDefaultMaterial.HairCardsDefaultMaterial","16","64","0","22","466","Compiling HairCardsDefaultMaterial: Platform=SF_METAL_SM5, Usage=LightingModel=MSM_DefaultLit|Unknown, BlendMode=BLEND_Masked, SpecialEngine=0, TwoSided=1, TSNormal=1, Masked=1, Distorted=0, WritesEveryPixel=0, ModifiesMeshPosition=1, Usage={bUsedWithHairStrands}"
"/HairStrands/Materials/HairDefaultMaterial.HairDefaultMaterial","16","34","0","5","194","Compiling HairDefaultMaterial: Platform=SF_METAL_SM5, Usage=LightingModel=MSM_DefaultLit|Unknown, BlendMode=BLEND_Opaque, SpecialEngine=0, TwoSided=1, TSNormal=1, Masked=0, Distorted=0, WritesEveryPixel=1, ModifiesMeshPosition=0, Usage={bUsedWithHairStrands}"
"/HairStrands/Materials/HairDebugMaterial.HairDebugMaterial","16","34","0","7","190","Compiling HairDebugMaterial: Platform=SF_METAL_SM5, Usage=LightingModel=MSM_DefaultLit|Unknown, BlendMode=BLEND_Opaque, SpecialEngine=0, TwoSided=1, TSNormal=1, Masked=0, Distorted=0, WritesEveryPixel=1, ModifiesMeshPosition=0, Usage={bUsedWithHairStrands}"
"/Engine/VREditor/TransformGizmo/Xray.Xray","16","12","0","4","33","Compiling Xray: Platform=SF_METAL_SM5, Usage=LightingModel=MSM_DefaultLit, BlendMode=BLEND_Opaque, SpecialEngine=0, TwoSided=0, TSNormal=1, Masked=0, Distorted=0, WritesEveryPixel=1, ModifiesMeshPosition=0, Usage={}"
"/Engine/VREditor/TransformGizmo/Main.Main","16","7","0","7","9","Compiling Main: Platform=SF_METAL_SM5, Usage=LightingModel=MSM_Unlit, BlendMode=BLEND_Translucent, SpecialEngine=0, TwoSided=0, TSNormal=1, Masked=0, Distorted=0, WritesEveryPixel=1, ModifiesMeshPosition=0, Usage={}"
"/Engine/VREditor/TransformGizmo/TranslucentTransformGizmoMaterial.TranslucentTransformGizmoMaterial","16","7","0","7","9","Compiling TranslucentTransformGizmoMaterial: Platform=SF_METAL_SM5, Usage=LightingModel=MSM_Unlit, BlendMode=BLEND_Translucent, SpecialEngine=0, TwoSided=0, TSNormal=1, Masked=0, Distorted=0, WritesEveryPixel=1, ModifiesMeshPosition=0, Usage={}"
"/Engine/VREditor/TransformGizmo/TransformGizmoMaterial.TransformGizmoMaterial","16","2","0","2","3","Compiling TransformGizmoMaterial: Platform=SF_METAL_SM5, Usage=LightingModel=MSM_Unlit, BlendMode=BLEND_Opaque, SpecialEngine=0, TwoSided=0, TSNormal=1, Masked=0, Distorted=0, WritesEveryPixel=1, ModifiesMeshPosition=0, Usage={}"
"/Engine/EngineDebugMaterials/M_SimpleUnlitTranslucent.M_SimpleUnlitTranslucent","16","7","0","7","13","Compiling M_SimpleUnlitTranslucent: Platform=SF_METAL_SM5, Usage=LightingModel=MSM_Unlit, BlendMode=BLEND_Translucent, SpecialEngine=0, TwoSided=0, TSNormal=1, Masked=0, Distorted=0, WritesEveryPixel=1, ModifiesMeshPosition=0, Usage={}"
"/Engine/EditorMaterials/Camera/CineMat.CineMat","16","24","0","5","76","Compiling CineMat: Platform=SF_METAL_SM5, Usage=LightingModel=MSM_DefaultLit, BlendMode=BLEND_Opaque, SpecialEngine=0, TwoSided=0, TSNormal=1, Masked=0, Distorted=0, WritesEveryPixel=1, ModifiesMeshPosition=0, Usage={bUsedWithSplineMeshes}"
"/Engine/EngineMaterials/BaseFlattenMaterial.BaseFlattenMaterial","16","49","0","52","52","Compiling BaseFlattenMaterial: Platform=SF_METAL_SM5, Usage=LightingModel=MSM_DefaultLit, BlendMode=BLEND_Opaque, SpecialEngine=0, TwoSided=0, TSNormal=1, Masked=0, Distorted=0, WritesEveryPixel=0, ModifiesMeshPosition=1, Usage={bUsedWithStaticLighting}"
"/Engine/EngineSky/VolumetricClouds/m_SimpleVolumetricCloud.m_SimpleVolumetricCloud","16","44","0","44","44","Compiling m_SimpleVolumetricCloud: Platform=SF_METAL_SM5, Usage=LightingModel=MSM_DefaultLit, BlendMode=BLEND_Additive, SpecialEngine=0, TwoSided=0, TSNormal=1, Masked=0, Distorted=0, WritesEveryPixel=1, ModifiesMeshPosition=0, Usage={}"
"/Engine/EngineMaterials/DefaultPostProcessMaterial.DefaultPostProcessMaterial","16","6","0","6","6","Compiling DefaultPostProcessMaterial: Platform=SF_METAL_SM5, Usage=LightingModel=MSM_Unlit, BlendMode=BLEND_Opaque, SpecialEngine=0, TwoSided=0, TSNormal=1, Masked=0, Distorted=0, WritesEveryPixel=1, ModifiesMeshPosition=0, Usage={bUsedWithSkeletalMesh,bUsedWithStaticLighting}"
"/Engine/EngineMaterials/DefaultLightFunctionMaterial.DefaultLightFunctionMaterial","16","19","0","19","19","Compiling DefaultLightFunctionMaterial: Platform=SF_METAL_SM5, Usage=LightingModel=MSM_Unlit, BlendMode=BLEND_Opaque, SpecialEngine=0, TwoSided=0, TSNormal=1, Masked=0, Distorted=0, WritesEveryPixel=1, ModifiesMeshPosition=0, Usage={}"
"/Engine/EngineMaterials/DefaultDeferredDecalMaterial.DefaultDeferredDecalMaterial","16","91","0","91","91","Compiling DefaultDeferredDecalMaterial: Platform=SF_METAL_SM5, Usage=LightingModel=MSM_DefaultLit, BlendMode=BLEND_Translucent, SpecialEngine=0, TwoSided=0, TSNormal=1, Masked=0, Distorted=0, WritesEveryPixel=1, ModifiesMeshPosition=0, Usage={bUsedWithSkeletalMesh,bUsedWithStaticLighting,bUsedWithSplineMeshes}"
"/Engine/EngineMaterials/WorldGridMaterial.WorldGridMaterial","16","982","0","1010","1010","Compiling WorldGridMaterial: Platform=SF_METAL_SM5, Usage=LightingModel=MSM_DefaultLit, BlendMode=BLEND_Opaque, SpecialEngine=1, TwoSided=0, TSNormal=1, Masked=0, Distorted=0, WritesEveryPixel=1, ModifiesMeshPosition=0, Usage={}"
"/Engine/EngineMaterials/DefaultTextMaterialOpaque.DefaultTextMaterialOpaque","16","33","0","12","146","Compiling DefaultTextMaterialOpaque: Platform=SF_METAL_SM5, Usage=LightingModel=MSM_DefaultLit, BlendMode=BLEND_Masked, SpecialEngine=0, TwoSided=1, TSNormal=1, Masked=1, Distorted=0, WritesEveryPixel=0, ModifiesMeshPosition=0, Usage={}"
"/Game/LearningKit_Games/Assets/_Shared/Materials/M_LearningKit_Foliage_Master.M_LearningKit_Foliage_Master","16","75","0","75","75","Compiling M_LearningKit_Foliage_Master: Platform=SF_METAL_SM5, Usage=LightingModel=MSM_DefaultLit, BlendMode=BLEND_Opaque, SpecialEngine=0, TwoSided=0, TSNormal=1, Masked=0, Distorted=0, WritesEveryPixel=1, ModifiesMeshPosition=0, Usage={bUsedWithSkeletalMesh,bUsedWithStaticLighting,bUsedWithSplineMeshes,bUsedWithInstancedStaticMeshes}, StaticSwitch'AO_ON2-1'=True, StaticSwitch'Color_Tint_Mask_ON2-1'=False, StaticSwitch'Emissive_Mask_Use_BaseColorAlpha_ON2-1'=False, StaticSwitch'Emissive_NoiseAnimated_ON2-1'=False, StaticSwitch'Emissive_ON2-1'=True, StaticSwitch'Emissive_Use_BaseColor_ON2-1'=True, StaticSwitch'Fresnel_ON2-1'=True, StaticSwitch'Metal_ON2-1'=True, StaticSwitch'Normal_ON2-1'=False, StaticSwitch'Opacity_Use_BaseColor_Alpha_ON2-1'=False, StaticSwitch'Roughness_ON2-1'=True, StaticSwitch'WorldSpace_Variation_ON2-1'=False, StaticMask'Emissive_Mask_Channel2-1'=R"
"/Game/LearningKit_Games/Assets/_Shared/Materials/M_LearningKit_Foliage_Master.M_LearningKit_Foliage_Master","16","75","0","75","75","Compiling M_LearningKit_Foliage_Master: Platform=SF_METAL_SM5, Usage=LightingModel=MSM_DefaultLit, BlendMode=BLEND_Opaque, SpecialEngine=0, TwoSided=0, TSNormal=1, Masked=0, Distorted=0, WritesEveryPixel=1, ModifiesMeshPosition=0, Usage={bUsedWithSkeletalMesh,bUsedWithStaticLighting,bUsedWithSplineMeshes,bUsedWithInstancedStaticMeshes}"
"/Game/LearningKit_Games/Assets/_Shared/Materials/M_LearningKit_MasterMaterial.M_LearningKit_MasterMaterial","16","99","0","3","1393","Compiling M_LearningKit_MasterMaterial: Platform=SF_METAL_SM5, Usage=LightingModel=MSM_DefaultLit, BlendMode=BLEND_Opaque, SpecialEngine=0, TwoSided=0, TSNormal=1, Masked=0, Distorted=0, WritesEveryPixel=1, ModifiesMeshPosition=0, Usage={bUsedWithSkeletalMesh,bUsedWithStaticLighting,bUsedWithSplineMeshes,bUsedWithInstancedStaticMeshes,bUsedWithNiagaraMeshParticles}, StaticSwitch'AO_ON2-1'=True, StaticSwitch'Color_Tint_Mask_ON2-1'=False, StaticSwitch'Emissive_Mask_Use_BaseColorAlpha_ON2-1'=False, StaticSwitch'Emissive_NoiseAnimated_ON2-1'=False, StaticSwitch'Emissive_ON2-1'=True, StaticSwitch'Emissive_Use_BaseColor_ON2-1'=True, StaticSwitch'Fresnel_ON2-1'=False, StaticSwitch'Metal_ON2-1'=True, StaticSwitch'Normal_ON2-1'=False, StaticSwitch'Opacity_Use_BaseColor_Alpha_ON2-1'=False, StaticSwitch'Roughness_ON2-1'=True, StaticSwitch'WorldSpace_Variation_ON2-1'=False, StaticMask'Emissive_Mask_Channel2-1'=R"
"/Game/LearningKit_Games/Assets/_Shared/Materials/M_LearningKit_MasterMaterial.M_LearningKit_MasterMaterial","16","99","0","2","286","Compiling M_LearningKit_MasterMaterial: Platform=SF_METAL_SM5, Usage=LightingModel=MSM_DefaultLit, BlendMode=BLEND_Opaque, SpecialEngine=0, TwoSided=0, TSNormal=1, Masked=0, Distorted=0, WritesEveryPixel=1, ModifiesMeshPosition=0, Usage={bUsedWithSkeletalMesh,bUsedWithStaticLighting,bUsedWithSplineMeshes,bUsedWithInstancedStaticMeshes,bUsedWithNiagaraMeshParticles}, StaticSwitch'AO_ON2-1'=True, StaticSwitch'Color_Tint_Mask_ON2-1'=True, StaticSwitch'Emissive_Mask_Use_BaseColorAlpha_ON2-1'=False, StaticSwitch'Emissive_NoiseAnimated_ON2-1'=False, StaticSwitch'Emissive_ON2-1'=True, StaticSwitch'Emissive_Use_BaseColor_ON2-1'=True, StaticSwitch'Fresnel_ON2-1'=True, StaticSwitch'Metal_ON2-1'=True, StaticSwitch'Normal_ON2-1'=False, StaticSwitch'Opacity_Use_BaseColor_Alpha_ON2-1'=False, StaticSwitch'Roughness_ON2-1'=True, StaticSwitch'WorldSpace_Variation_ON2-1'=False, StaticMask'Emissive_Mask_Channel2-1'=R"
"/Game/LearningKit_Games/Assets/_Shared/Materials/M_LearningKit_MasterMaterial.M_LearningKit_MasterMaterial","16","99","0","3","1270","Compiling M_LearningKit_MasterMaterial: Platform=SF_METAL_SM5, Usage=LightingModel=MSM_DefaultLit, BlendMode=BLEND_Opaque, SpecialEngine=0, TwoSided=0, TSNormal=1, Masked=0, Distorted=0, WritesEveryPixel=1, ModifiesMeshPosition=0, Usage={bUsedWithSkeletalMesh,bUsedWithStaticLighting,bUsedWithSplineMeshes,bUsedWithInstancedStaticMeshes,bUsedWithNiagaraMeshParticles}, StaticSwitch'AO_ON2-1'=True, StaticSwitch'Color_Tint_Mask_ON2-1'=True, StaticSwitch'Emissive_Mask_Use_BaseColorAlpha_ON2-1'=False, StaticSwitch'Emissive_NoiseAnimated_ON2-1'=False, StaticSwitch'Emissive_ON2-1'=True, StaticSwitch'Emissive_Use_BaseColor_ON2-1'=True, StaticSwitch'Fresnel_ON2-1'=False, StaticSwitch'Metal_ON2-1'=True, StaticSwitch'Normal_ON2-1'=False, StaticSwitch'Opacity_Use_BaseColor_Alpha_ON2-1'=False, StaticSwitch'Roughness_ON2-1'=True, StaticSwitch'WorldSpace_Variation_ON2-1'=False, StaticMask'Emissive_Mask_Channel2-1'=R"
"/Game/LearningKit_Games/Assets/_Shared/Materials/M_LearningKit_MasterMaterial.M_LearningKit_MasterMaterial","16","99","0","7","1486","Compiling M_LearningKit_MasterMaterial: Platform=SF_METAL_SM5, Usage=LightingModel=MSM_DefaultLit, BlendMode=BLEND_Opaque, SpecialEngine=0, TwoSided=0, TSNormal=1, Masked=0, Distorted=0, WritesEveryPixel=1, ModifiesMeshPosition=0, Usage={bUsedWithSkeletalMesh,bUsedWithStaticLighting,bUsedWithSplineMeshes,bUsedWithInstancedStaticMeshes,bUsedWithNiagaraMeshParticles}, StaticSwitch'AO_ON2-1'=True, StaticSwitch'Color_Tint_Mask_ON2-1'=False, StaticSwitch'Emissive_Mask_Use_BaseColorAlpha_ON2-1'=False, StaticSwitch'Emissive_NoiseAnimated_ON2-1'=True, StaticSwitch'Emissive_ON2-1'=True, StaticSwitch'Emissive_Use_BaseColor_ON2-1'=True, StaticSwitch'Fresnel_ON2-1'=True, StaticSwitch'Metal_ON2-1'=True, StaticSwitch'Normal_ON2-1'=True, StaticSwitch'Opacity_Use_BaseColor_Alpha_ON2-1'=False, StaticSwitch'Roughness_ON2-1'=True, StaticSwitch'WorldSpace_Variation_ON2-1'=False, StaticMask'Emissive_Mask_Channel2-1'=R"
"/Game/LearningKit_Games/Assets/_Shared/Materials/M_LearningKit_MasterMaterial.M_LearningKit_MasterMaterial","16","159","0","3","595","Compiling M_LearningKit_MasterMaterial: Platform=SF_METAL_SM5, Usage=LightingModel=MSM_DefaultLit, BlendMode=BLEND_Translucent, SpecialEngine=0, TwoSided=0, TSNormal=1, Masked=0, Distorted=0, WritesEveryPixel=1, ModifiesMeshPosition=0, Usage={bUsedWithSkeletalMesh,bUsedWithStaticLighting,bUsedWithSplineMeshes,bUsedWithInstancedStaticMeshes,bUsedWithNiagaraMeshParticles}, StaticSwitch'AO_ON2-1'=True, StaticSwitch'Color_Tint_Mask_ON2-1'=True, StaticSwitch'Emissive_Mask_Use_BaseColorAlpha_ON2-1'=False, StaticSwitch'Emissive_NoiseAnimated_ON2-1'=True, StaticSwitch'Emissive_ON2-1'=True, StaticSwitch'Emissive_Use_BaseColor_ON2-1'=True, StaticSwitch'Fresnel_ON2-1'=True, StaticSwitch'Metal_ON2-1'=True, StaticSwitch'Normal_ON2-1'=True, StaticSwitch'Opacity_Use_BaseColor_Alpha_ON2-1'=False, StaticSwitch'Roughness_ON2-1'=True, StaticSwitch'WorldSpace_Variation_ON2-1'=False, StaticMask'Emissive_Mask_Channel2-1'=R"
"/Game/LearningKit_Games/Assets/_Shared/Materials/M_LearningKit_MasterMaterial.M_LearningKit_MasterMaterial","16","99","0","99","99","Compiling M_LearningKit_MasterMaterial: Platform=SF_METAL_SM5, Usage=LightingModel=MSM_DefaultLit, BlendMode=BLEND_Opaque, SpecialEngine=0, TwoSided=0, TSNormal=1, Masked=0, Distorted=0, WritesEveryPixel=1, ModifiesMeshPosition=0, Usage={bUsedWithSkeletalMesh,bUsedWithStaticLighting,bUsedWithSplineMeshes,bUsedWithInstancedStaticMeshes,bUsedWithNiagaraMeshParticles}"
"/Game/LearningKit_Games/Assets/_Shared/Materials/M_LearningKit_MasterMaterial.M_LearningKit_MasterMaterial","16","99","0","4","1501","Compiling M_LearningKit_MasterMaterial: Platform=SF_METAL_SM5, Usage=LightingModel=MSM_DefaultLit, BlendMode=BLEND_Opaque, SpecialEngine=0, TwoSided=0, TSNormal=1, Masked=0, Distorted=0, WritesEveryPixel=1, ModifiesMeshPosition=0, Usage={bUsedWithSkeletalMesh,bUsedWithStaticLighting,bUsedWithSplineMeshes,bUsedWithInstancedStaticMeshes,bUsedWithNiagaraMeshParticles}, StaticSwitch'AO_ON2-1'=True, StaticSwitch'Color_Tint_Mask_ON2-1'=True, StaticSwitch'Emissive_Mask_Use_BaseColorAlpha_ON2-1'=False, StaticSwitch'Emissive_NoiseAnimated_ON2-1'=True, StaticSwitch'Emissive_ON2-1'=True, StaticSwitch'Emissive_Use_BaseColor_ON2-1'=True, StaticSwitch'Fresnel_ON2-1'=False, StaticSwitch'Metal_ON2-1'=True, StaticSwitch'Normal_ON2-1'=False, StaticSwitch'Opacity_Use_BaseColor_Alpha_ON2-1'=False, StaticSwitch'Roughness_ON2-1'=True, StaticSwitch'WorldSpace_Variation_ON2-1'=False, StaticMask'Emissive_Mask_Channel2-1'=R"
"/Game/LearningKit_Games/Assets/VFX/Pollen/M_vfx_aura.M_vfx_aura","16","49","0","49","49","Compiling M_vfx_aura: Platform=SF_METAL_SM5, Usage=LightingModel=MSM_Unlit, BlendMode=BLEND_Translucent, SpecialEngine=0, TwoSided=0, TSNormal=1, Masked=0, Distorted=0, WritesEveryPixel=1, ModifiesMeshPosition=0, Usage={bUsedWithSkeletalMesh,bUsedWithParticleSprites,bUsedWithBeamTrails,bUsedWithNiagaraSprites}, StaticSwitch'Camera_Fade_Switch2-1'=True"
"/Game/LearningKit_Games/Assets/VFX/Pollen/M_vfx_aura.M_vfx_aura","16","49","0","4","271","Compiling M_vfx_aura: Platform=SF_METAL_SM5, Usage=LightingModel=MSM_Unlit, BlendMode=BLEND_Translucent, SpecialEngine=0, TwoSided=0, TSNormal=1, Masked=0, Distorted=0, WritesEveryPixel=1, ModifiesMeshPosition=0, Usage={bUsedWithSkeletalMesh,bUsedWithParticleSprites,bUsedWithBeamTrails,bUsedWithNiagaraSprites}"
"/Engine/EngineMaterials/PPM_DefaultCalibrationGrayscale.PPM_DefaultCalibrationGrayscale","16","4","0","4","4","Compiling PPM_DefaultCalibrationGrayscale: Platform=SF_METAL_SM5, Usage=LightingModel=MSM_Unlit, BlendMode=BLEND_Opaque, SpecialEngine=0, TwoSided=0, TSNormal=1, Masked=0, Distorted=0, WritesEveryPixel=1, ModifiesMeshPosition=0, Usage={}"
"/Engine/EngineMaterials/PPM_DefaultCalibrationColor.PPM_DefaultCalibrationColor","16","4","0","4","4","Compiling PPM_DefaultCalibrationColor: Platform=SF_METAL_SM5, Usage=LightingModel=MSM_Unlit, BlendMode=BLEND_Opaque, SpecialEngine=0, TwoSided=0, TSNormal=1, Masked=0, Distorted=0, WritesEveryPixel=1, ModifiesMeshPosition=0, Usage={}"
"/Game/LearningKit_Games/Assets/VFX/LightRay/M_vfx_lightray_01_bright.M_vfx_lightray_01_bright","16","81","0","1","457","Compiling M_vfx_lightray_01_bright: Platform=SF_METAL_SM5, Usage=LightingModel=MSM_DefaultLit, BlendMode=BLEND_Translucent, SpecialEngine=0, TwoSided=1, TSNormal=1, Masked=0, Distorted=0, WritesEveryPixel=1, ModifiesMeshPosition=0, Usage={bUsedWithParticleSprites,bUsedWithStaticLighting}"
"","16","1","7","0","0",""
"/Game/LearningKit_Games/Assets/Characters/Character/Material/M_EpicCharacter_Optimized.M_EpicCharacter_Optimized","16","24","0","24","24","Compiling M_EpicCharacter_Optimized: Platform=SF_METAL_SM5, Usage=LightingModel=MSM_Cloth, BlendMode=BLEND_Opaque, SpecialEngine=0, TwoSided=0, TSNormal=1, Masked=0, Distorted=0, WritesEveryPixel=1, ModifiesMeshPosition=0, Usage={bUsedWithSkeletalMesh}"
"/Game/LearningKit_Games/Assets/Characters/Character/Material/M_EpicCharacter_Optimized.M_EpicCharacter_Optimized","16","24","0","1","109","Compiling M_EpicCharacter_Optimized: Platform=SF_METAL_SM5, Usage=LightingModel=MSM_Cloth, BlendMode=BLEND_Opaque, SpecialEngine=0, TwoSided=0, TSNormal=1, Masked=0, Distorted=0, WritesEveryPixel=1, ModifiesMeshPosition=0, Usage={bUsedWithSkeletalMesh}, StaticSwitch'bCustomizeColors2-1'=True"
"/Engine/Tutorial/SubEditors/TutorialAssets/M_smoke_subUV_blackbody.M_smoke_subUV_blackbody","16","21","0","21","21","Compiling M_smoke_subUV_blackbody: Platform=SF_METAL_SM5, Usage=LightingModel=MSM_Unlit, BlendMode=BLEND_Translucent, SpecialEngine=0, TwoSided=0, TSNormal=1, Masked=0, Distorted=0, WritesEveryPixel=1, ModifiesMeshPosition=0, Usage={bUsedWithParticleSprites}"
"/Engine/MapTemplates/Materials/BasicAsset01.BasicAsset01","16","33","0","33","33","Compiling BasicAsset01: Platform=SF_METAL_SM5, Usage=LightingModel=MSM_DefaultLit, BlendMode=BLEND_Opaque, SpecialEngine=0, TwoSided=0, TSNormal=1, Masked=0, Distorted=0, WritesEveryPixel=1, ModifiesMeshPosition=0, Usage={bUsedWithSkeletalMesh,bUsedWithStaticLighting}"
"/Engine/BufferVisualization/BaseColor.BaseColor","16","4","0","4","4","Compiling BaseColor: Platform=SF_METAL_SM5, Usage=LightingModel=MSM_Unlit, BlendMode=BLEND_Opaque, SpecialEngine=0, TwoSided=0, TSNormal=1, Masked=0, Distorted=0, WritesEveryPixel=1, ModifiesMeshPosition=0, Usage={}"
"/Game/LearningKit_Games/Assets/VFX/Dependencies/Materials/M_ParticleMaskedFade.M_ParticleMaskedFade","16","42","0","1","315","Compiling M_ParticleMaskedFade: Platform=SF_METAL_SM5, Usage=LightingModel=MSM_Unlit, BlendMode=BLEND_Translucent, SpecialEngine=0, TwoSided=0, TSNormal=1, Masked=0, Distorted=0, WritesEveryPixel=1, ModifiesMeshPosition=0, Usage={bUsedWithNiagaraSprites,bUsedWithNiagaraRibbons,bUsedWithNiagaraMeshParticles}"
"/Engine/ArtTools/RenderToTexture/Materials/Debug/M_TestFlipbookAnimation.M_TestFlipbookAnimation","16","12","0","4","33","Compiling M_TestFlipbookAnimation: Platform=SF_METAL_SM5, Usage=LightingModel=MSM_DefaultLit, BlendMode=BLEND_Opaque, SpecialEngine=0, TwoSided=0, TSNormal=1, Masked=0, Distorted=0, WritesEveryPixel=1, ModifiesMeshPosition=0, Usage={}"
"/Engine/EngineDebugMaterials/HeatmapMaterial.HeatmapMaterial","16","7","0","7","7","Compiling HeatmapMaterial: Platform=SF_METAL_SM5, Usage=LightingModel=MSM_Unlit, BlendMode=BLEND_Translucent, SpecialEngine=0, TwoSided=0, TSNormal=1, Masked=0, Distorted=0, WritesEveryPixel=1, ModifiesMeshPosition=0, Usage={bUsedWithStaticLighting}"
"/Engine/EditorMaterials/PreviewShadowIndicatorMaterial.PreviewShadowIndicatorMaterial","16","19","0","1","57","Compiling PreviewShadowIndicatorMaterial: Platform=SF_METAL_SM5, Usage=LightingModel=MSM_Unlit, BlendMode=BLEND_Opaque, SpecialEngine=0, TwoSided=0, TSNormal=1, Masked=0, Distorted=0, WritesEveryPixel=1, ModifiesMeshPosition=0, Usage={}"
"/Engine/EngineDebugMaterials/DebugEditorMaterial.DebugEditorMaterial","16","7","0","8","10","Compiling DebugEditorMaterial: Platform=SF_METAL_SM5, Usage=LightingModel=MSM_Unlit, BlendMode=BLEND_Opaque, SpecialEngine=0, TwoSided=1, TSNormal=1, Masked=0, Distorted=0, WritesEveryPixel=1, ModifiesMeshPosition=0, Usage={}"
"/Engine/EngineSky/M_SkyTimeOfDay.M_SkyTimeOfDay","16","7","0","8","8","Compiling M_SkyTimeOfDay: Platform=SF_METAL_SM5, Usage=LightingModel=MSM_Unlit, BlendMode=BLEND_Opaque, SpecialEngine=0, TwoSided=1, TSNormal=1, Masked=0, Distorted=0, WritesEveryPixel=1, ModifiesMeshPosition=0, Usage={bUsedWithStaticLighting}"
"/Game/LearningKit_Games/Assets/VFX/Dependencies/Materials/M_WindTunnel.M_WindTunnel","16","70","0","1","899","Compiling M_WindTunnel: Platform=SF_METAL_SM5, Usage=LightingModel=MSM_Unlit, BlendMode=BLEND_Translucent, SpecialEngine=0, TwoSided=1, TSNormal=1, Masked=0, Distorted=0, WritesEveryPixel=1, ModifiesMeshPosition=1, Usage={bUsedWithNiagaraSprites,bUsedWithNiagaraMeshParticles}"
"/Game/LearningKit_Games/Assets/VFX/Dependencies/Materials/M_WindTunnelWisps.M_WindTunnelWisps","16","18","0","2","112","Compiling M_WindTunnelWisps: Platform=SF_METAL_SM5, Usage=LightingModel=MSM_Unlit, BlendMode=BLEND_Translucent, SpecialEngine=0, TwoSided=1, TSNormal=1, Masked=0, Distorted=0, WritesEveryPixel=1, ModifiesMeshPosition=0, Usage={bUsedWithNiagaraRibbons}"
"/Niagara/DefaultAssets/DefaultSpriteMaterial.DefaultSpriteMaterial","16","54","0","1","493","Compiling DefaultSpriteMaterial: Platform=SF_METAL_SM5, Usage=LightingModel=MSM_Unlit, BlendMode=BLEND_Additive, SpecialEngine=0, TwoSided=1, TSNormal=1, Masked=0, Distorted=0, WritesEveryPixel=1, ModifiesMeshPosition=0, Usage={bUsedWithParticleSprites,bUsedWithNiagaraSprites,bUsedWithNiagaraRibbons}"
"/Game/LearningKit_Games/Assets/VFX/Dependencies/Materials/M_WindTunnelRibbons.M_WindTunnelRibbons","16","42","0","1","315","Compiling M_WindTunnelRibbons: Platform=SF_METAL_SM5, Usage=LightingModel=MSM_Unlit, BlendMode=BLEND_Translucent, SpecialEngine=0, TwoSided=0, TSNormal=1, Masked=0, Distorted=0, WritesEveryPixel=1, ModifiesMeshPosition=0, Usage={bUsedWithNiagaraSprites,bUsedWithNiagaraRibbons,bUsedWithNiagaraMeshParticles}"
"/Game/Hour_of_Code/Materials/M_MASTER_OPAQUE.M_MASTER_OPAQUE","16","21","0","4","83","Compiling M_MASTER_OPAQUE: Platform=SF_METAL_SM5, Usage=LightingModel=MSM_DefaultLit, BlendMode=BLEND_Opaque, SpecialEngine=0, TwoSided=0, TSNormal=1, Masked=0, Distorted=0, WritesEveryPixel=1, ModifiesMeshPosition=0, Usage={bUsedWithStaticLighting}"
"/Engine/BasicShapes/BasicShapeMaterial.BasicShapeMaterial","16","63","0","6","590","Compiling BasicShapeMaterial: Platform=SF_METAL_SM5, Usage=LightingModel=MSM_DefaultLit, BlendMode=BLEND_Opaque, SpecialEngine=0, TwoSided=0, TSNormal=1, Masked=0, Distorted=0, WritesEveryPixel=1, ModifiesMeshPosition=0, Usage={bUsedWithStaticLighting,bUsedWithInstancedStaticMeshes,bUsedWithGeometryCollections}"
"/Game/BlockGame/Materials/M_BlockBase.M_BlockBase","16","24","0","6","79","Compiling M_BlockBase: Platform=SF_METAL_SM5, Usage=LightingModel=MSM_DefaultLit, BlendMode=BLEND_Opaque, SpecialEngine=0, TwoSided=0, TSNormal=1, Masked=0, Distorted=0, WritesEveryPixel=1, ModifiesMeshPosition=0, Usage={bUsedWithInstancedStaticMeshes}"
"/Game/LearningKit_Games/Assets/_Shared/Materials/M_Fresnel_MasterMaterial.M_Fresnel_MasterMaterial","16","21","0","4","67","Compiling M_Fresnel_MasterMaterial: Platform=SF_METAL_SM5, Usage=LightingModel=MSM_DefaultLit, BlendMode=BLEND_Opaque, SpecialEngine=0, TwoSided=0, TSNormal=1, Masked=0, Distorted=0, WritesEveryPixel=1, ModifiesMeshPosition=0, Usage={bUsedWithStaticLighting}"
"/Game/LearningKit_Games/Assets/_Shared/Materials/M_unsharpmask_POST.M_unsharpmask_POST","16","4","0","4","4","Compiling M_unsharpmask_POST: Platform=SF_METAL_SM5, Usage=LightingModel=MSM_Unlit, BlendMode=BLEND_Opaque, SpecialEngine=0, TwoSided=0, TSNormal=1, Masked=0, Distorted=0, WritesEveryPixel=1, ModifiesMeshPosition=0, Usage={}"
"/Game/LearningKit_Games/Assets/Architecture/M_Kit_Wall_Door.M_Kit_Wall_Door","16","12","0","5","33","Compiling M_Kit_Wall_Door: Platform=SF_METAL_SM5, Usage=LightingModel=MSM_DefaultLit, BlendMode=BLEND_Opaque, SpecialEngine=0, TwoSided=0, TSNormal=1, Masked=0, Distorted=0, WritesEveryPixel=1, ModifiesMeshPosition=0, Usage={}"
"/Game/LearningKit_Games/Assets/VFX/Dependencies/Materials/M_WindWipe.M_WindWipe","16","96","0","5","1245","Compiling M_WindWipe: Platform=SF_METAL_SM5, Usage=LightingModel=MSM_DefaultLit, BlendMode=BLEND_Translucent, SpecialEngine=0, TwoSided=1, TSNormal=1, Masked=0, Distorted=0, WritesEveryPixel=1, ModifiesMeshPosition=0, Usage={bUsedWithNiagaraRibbons,bUsedWithNiagaraMeshParticles}"
"/Game/LearningKit_Games/Assets/VFX/Dependencies/Materials/M_WindWipe.M_WindWipe","16","88","0","3","1148","Compiling M_WindWipe: Platform=SF_METAL_SM5, Usage=LightingModel=MSM_DefaultLit, BlendMode=BLEND_Translucent, SpecialEngine=0, TwoSided=0, TSNormal=1, Masked=0, Distorted=0, WritesEveryPixel=1, ModifiesMeshPosition=0, Usage={bUsedWithNiagaraRibbons,bUsedWithNiagaraMeshParticles}"
"/Game/LearningKit_Games/Assets/VFX/Dependencies/Materials/M_VFX_EmissiveMesh.M_VFX_EmissiveMesh","16","21","0","8","87","Compiling M_VFX_EmissiveMesh: Platform=SF_METAL_SM5, Usage=LightingModel=MSM_Unlit, BlendMode=BLEND_Additive, SpecialEngine=0, TwoSided=0, TSNormal=1, Masked=0, Distorted=0, WritesEveryPixel=1, ModifiesMeshPosition=0, Usage={bUsedWithNiagaraMeshParticles}"
"/Game/LearningKit_Games/Assets/VFX/Dependencies/Materials/M_VFX_EmissiveMesh.M_VFX_EmissiveMesh","16","21","0","7","84","Compiling M_VFX_EmissiveMesh: Platform=SF_METAL_SM5, Usage=LightingModel=MSM_Unlit, BlendMode=BLEND_Translucent, SpecialEngine=0, TwoSided=0, TSNormal=1, Masked=0, Distorted=0, WritesEveryPixel=1, ModifiesMeshPosition=0, Usage={bUsedWithNiagaraMeshParticles}"
"/Game/LearningKit_Games/Assets/VFX/Dependencies/Materials/M_WindStreak.M_WindStreak","16","42","0","2","367","Compiling M_WindStreak: Platform=SF_METAL_SM5, Usage=LightingModel=MSM_Unlit, BlendMode=BLEND_Translucent, SpecialEngine=0, TwoSided=0, TSNormal=1, Masked=0, Distorted=0, WritesEveryPixel=1, ModifiesMeshPosition=0, Usage={bUsedWithNiagaraSprites,bUsedWithNiagaraRibbons,bUsedWithNiagaraMeshParticles}"
"/Game/LearningKit_Games/Assets/VFX/Dependencies/Materials/M_LogoSweep.M_LogoSweep","16","27","0","4","143","Compiling M_LogoSweep: Platform=SF_METAL_SM5, Usage=LightingModel=MSM_Unlit, BlendMode=BLEND_Translucent, SpecialEngine=0, TwoSided=1, TSNormal=1, Masked=0, Distorted=0, WritesEveryPixel=1, ModifiesMeshPosition=0, Usage={bUsedWithNiagaraMeshParticles}"
"/Game/LearningKit_Games/Assets/VFX/Dependencies/Materials/M_TwinklingStars.M_TwinklingStars","16","21","0","2","78","Compiling M_TwinklingStars: Platform=SF_METAL_SM5, Usage=LightingModel=MSM_Unlit, BlendMode=BLEND_Additive, SpecialEngine=0, TwoSided=0, TSNormal=1, Masked=0, Distorted=0, WritesEveryPixel=1, ModifiesMeshPosition=0, Usage={bUsedWithNiagaraSprites}"
